{"trace_index": [0, 1, 2, 3, 4, 5, 6, 7, 10, 11, 12, 13, 14, 15], "steppos": [[888, 911, 971, 981, 996], [928, 966, 985], [767, 809, 883, 918, 978], [817, 913, 953, 974, 997], [549, 858, 911, 930, 957], [546, 826, 830, 870, 926, 967, 984, 996], [151, 468, 682, 800, 881, 893, 968, 988], [656, 781, 870, 950, 959, 991], [688, 739, 764, 801, 951, 976, 981], [214, 530, 657, 856, 866, 926, 940, 979], [693, 983, 997], [837, 867, 952, 959, 969], [731, 797, 897, 907, 917, 920, 982, 991, 997], [368, 812, 864, 908, 960]], "steps": [[1, 1, 1, 1, 2], [1, 2, 2], [1, 1, 1, 1, 1], [1, 1, 2, 2, 2], [1, 1, 1, 1, 1], [1, 1, 1, 2, 1, 1, 1, 1], [1, -1, 1, 1, 1, 1, 2, 2], [1, 1, 1, 1, 2, 2], [1, 1, 1, 1, 1, 1, 1], [1, 1, 1, 1, 1, 1, -1, 2], [1, 2, -1], [1, 1, 1, 2, 2], [1, 1, 1, 1, 1, 1, 2, -1, 2], [1, 1, 1, 1, 1]], "step2_time": [0.01116490364074707, 0.004951000213623047, 0.007237911224365234, 0.00718998908996582, 0.00379180908203125, 0.020172595977783203, 0.015653133392333984, 0.008325815200805664, 0.005841970443725586, 0.01979517936706543, 0.00482630729675293, 0.009591102600097656, 0.02171802520751953, 0.0028171539306640625], "sic_final": [5034.125790007017, 4702.528539160662, 5710.819963664176, 5668.627174465206, 6024.513132898611, 8491.2203513725, 7977.683370507883, 6398.229191498041, 7123.334487568233, 8278.684341432738, 5326.287163328697, 8304.981021375608, 5902.916492693415, 6469.779324876878], "flag": [1, 1, 1, 1, 1, 1, 1, 1, 1, 1, 1, 1, 1, 1], "parameters": [128, 128, 190.0002850004275, 3, 4, 6, 6, 1, 100, 100, 1, true, 500, true, 90, 20, 5, 0.1, 0.5, 0.5, false, 1, 5, 30000, 1000000]}