{"trace_index": [0, 1, 2, 3, 4, 5, 6, 7, 8, 9, 10, 11, 12, 13, 14, 15, 16], "steppos": [[888, 911, 971, 981, 987, 992, 996, 997], [928, 966, 985, 994], [767, 809, 883, 918, 921, 978], [817, 913, 928, 953, 974, 977, 997], [549, 858, 911, 930, 957, 963], [546, 826, 830, 870, 926, 967, 984, 996], [151, 468, 682, 800, 878, 881, 893, 968, 971, 988, 993], [656, 781, 870, 950, 954, 959, 962, 991, 994], [804, 807, 812, 815, 895, 900, 903, 912, 932, 937, 980, 984, 990, 993, 997], [741, 774, 778, 787, 833, 908, 913, 943, 956, 960, 987, 990, 997], [688, 739, 764, 801, 951, 976, 981, 992], [214, 530, 657, 856, 866, 926, 940, 979], [693, 983], [837, 867, 952, 959, 969], [731, 797, 897, 907, 917, 920, 982, 991, 997], [368, 812, 864, 908, 960, 963], [843, 847, 920, 940, 991, 997]], "means": [[14.286782264709473, 352.2088623046875, 730.6932373046875, 1142.130859375, 1427.1976318359375, 1286.51416015625, 1479.677490234375, 1888.4031982421875, 2098.518310546875], [-5.009859085083008, 139.9678192138672, 334.8620300292969, 708.2845458984375, 893.1459350585938], [-2.397186756134033, 384.98443603515625, 807.0665893554688, 1281.5008544921875, 1621.0574951171875, 1730.6468505859375, 1828.2894287109375], [11.912546157836914, 304.3669738769531, 547.3953857421875, 719.9031982421875, 1279.5230712890625, 1707.6619873046875, 1839.602294921875, 2248.821533203125], [-1.5074433088302612, 382.55206298828125, 731.4088745117188, 1096.1298828125, 1466.3026123046875, 1920.2119140625, 1803.306396484375], [6.734020233154297, 276.49432373046875, 560.8471069335938, 909.3615112304688, 1239.3929443359375, 1526.8988037109375, 1838.0711669921875, 2153.323974609375, 2344.251953125], [9.157934188842773, 378.1777038574219, 11.719195365905762, 387.8487548828125, 727.6444091796875, 870.479248046875, 1253.58837890625, 1461.16357421875, 2469.328857421875, 2594.748291015625, 2950.8994140625, 3134.09228515625], [0.7321515679359436, 382.0883483886719, 758.8068237304688, 1176.2105712890625, 1413.869873046875, 1580.6790771484375, 2084.703125, 2351.851318359375, 2763.755615234375, 2907.368896484375], [0.9338053464889526, 490.1111755371094, 2278.37109375, 2635.336181640625, 2450.632568359375, 2346.474609375, 2632.568603515625, 2857.65185546875, 3176.949462890625, 3683.71484375, 3916.895263671875, 3704.083984375, 3807.156982421875, 3919.303466796875, 4102.2822265625, 4479.38623046875], [5.1757001876831055, 460.3891296386719, 254.59658813476562, 724.1685180664062, 382.4647521972656, 736.7334594726562, 1437.968017578125, 1544.242431640625, 1195.701904296875, 1534.9915771484375, 1798.6483154296875, 2556.578125, 2845.847412109375, 3318.816650390625], [-6.718229293823242, 326.59454345703125, 631.6769409179688, 971.7778930664062, 1267.3033447265625, 1566.392333984375, 1946.0863037109375, 2187.82177734375, 2345.358642578125], [12.230829238891602, 291.1231384277344, 618.71142578125, 854.6017456054688, 1143.634765625, 1457.4000244140625, 1822.3837890625, 1513.6307373046875, 1840.46240234375], [2.82216215133667, 267.7076110839844, 675.73095703125], [17.005252838134766, 278.21697998046875, 558.1124267578125, 822.6979370117188, 1514.1798095703125, 1839.236572265625], [-4.568608283996582, 266.8605041503906, 555.8756103515625, 867.1629028320312, 1154.356689453125, 1424.9346923828125, 1718.8795166015625, 2090.780517578125, 1933.2537841796875, 2315.751708984375], [-2.70805287361145, 270.9531555175781, 542.3626708984375, 854.8310546875, 1104.0780029296875, 1344.2623291015625, 1454.3292236328125], [3.454120635986328, 302.8517761230469, 611.2239990234375, 930.7457885742188, 1212.6612548828125, 1571.7496337890625, 2125.193603515625]], "variances": [[23.494503021240234, 423.5975341796875, 2328.856689453125, 463.94964599609375, 10569.9345703125, 2365.706298828125, 6568.169921875, 0.0, 943.5027465820312], [19.619762420654297, 802.5198974609375, 960.9266967773438, 670.5068359375, 3383.424560546875], [19.544445037841797, 2404.919921875, 7921.02880859375, 4924.53515625, 160.35365295410156, 6758.9423828125, 3399.7919921875], [35.070960998535156, 425.8592834472656, 336.92327880859375, 665.499755859375, 3312.35107421875, 8355.5263671875, 1524.2540283203125, 752.9872436523438], [19.353206634521484, 891.2825927734375, 781.9581909179688, 1067.96337890625, 3536.287109375, 405.7817687988281, 3784.883544921875], [424.7014465332031, 184.657958984375, 4683.921875, 771.1159057617188, 1736.7156982421875, 2707.122802734375, 1214.0498046875, 1974.5867919921875, 733.2322998046875], [19.670639038085938, 639.8646240234375, 15.736665725708008, 1771.229736328125, 3577.574462890625, 265.6810302734375, 2062.097412109375, 7428.43896484375, 66484.6796875, 2852.1279296875, 4416.16552734375, 1222.4776611328125], [41.5213508605957, 589.1060180664062, 3748.929443359375, 2043.5218505859375, 1379.196044921875, 14325.400390625, 9076.4697265625, 11163.529296875, 9229.9833984375, 5930.82568359375], [25.762529373168945, 491877.96875, 33732.80078125, 584.1740112304688, 5281.15869140625, 3914.82275390625, 13902.28125, 2888.231689453125, 4272.3701171875, 2902.240234375, 4648.7392578125, 4654.31640625, 1380.7581787109375, 4046.008544921875, 1688.461669921875, 6303.69775390625], [57.33572769165039, 841.2127685546875, 42752.48828125, 1633.003173828125, 392.44696044921875, 2540.7431640625, 14088.4296875, 1251.0133056640625, 3729.02001953125, 1625.162353515625, 5249.44677734375, 12834.8125, 2936.887939453125, 3087.479736328125], [116.126708984375, 733.0501708984375, 248.5447998046875, 2204.57568359375, 7256.392578125, 5115.39599609375, 4029.51171875, 2626.22412109375, 3762.18359375], [29.001752853393555, 1374.256103515625, 1635.8326416015625, 6893.541015625, 2831.01025390625, 3359.65185546875, 7892.54833984375, 2394.79736328125, 4099.9677734375], [25.279460906982422, 712.0252075195312, 3247.275146484375], [1502.7542724609375, 275.8307189941406, 1824.1143798828125, 4447.44189453125, 7712.69384765625, 4111.93359375], [48.76092529296875, 943.7900390625, 1169.3746337890625, 2908.8349609375, 604.0177612304688, 4942.5859375, 5412.72216796875, 600.8171997070312, 5464.26123046875, 2241.878662109375], [15.774370193481445, 540.1765747070312, 2818.1630859375, 1542.5321044921875, 2334.5478515625, 2588.01904296875, 1876.6287841796875], [95.52191162109375, 55.213321685791016, 635.0982055664062, 2500.45166015625, 2236.963134765625, 7829.75146484375, 24335.830078125]], "posbysic": [[911, 971, 888, 996, 981, 992, 987, 997], [966, 985, 928, 994], [809, 918, 767, 883, 978, 921], [953, 817, 974, 913, 997, 928, 977], [911, 549, 957, 858, 930, 963], [830, 926, 546, 967, 870, 984, 826, 996], [881, 968, 800, 151, 468, 682, 988, 893, 993, 878, 971], [870, 656, 959, 781, 991, 950, 962, 954, 994], [807, 932, 903, 997, 804, 912, 937, 993, 812, 980, 815, 900, 984, 895, 990], [908, 741, 987, 833, 960, 943, 997, 956, 787, 778, 990, 774, 913], [764, 976, 688, 801, 951, 739, 981, 992], [657, 866, 214, 530, 979, 856, 926, 940], [693, 983], [959, 867, 837, 969, 952], [907, 731, 797, 920, 982, 897, 997, 917, 991], [864, 368, 960, 812, 908, 963], [847, 940, 991, 920, 997, 843]], "fluors_intensity": [[0, 1, 2, 3, 4, 4, 4, 6, 6], [0, 1, 2, 5, 6], [0, 1, 2, 3, 4, 4, 5], [0, 1, 2, 2, 4, 6, 6, 8], [0, 1, 2, 3, 4, 5, 5], [0, 1, 2, 3, 5, 6, 7, 8, 9], [0, 1, 0, 1, 2, 2, 3, 4, 7, 7, 8, 8], [0, 1, 2, 3, 4, 4, 5, 6, 7, 8], [0, 1, 5, 5, 5, 5, 5, 6, 6, 8, 8, 8, 8, 8, 8, 9], [0, 1, 1, 2, 1, 2, 3, 3, 3, 3, 4, 6, 6, 7], [0, 1, 2, 3, 4, 5, 6, 7, 7], [0, 1, 2, 3, 4, 5, 6, 5, 7], [0, 1, 3], [0, 1, 2, 3, 6, 7], [0, 1, 2, 3, 4, 5, 6, 8, 7, 9], [0, 1, 2, 3, 4, 5, 5], [0, 1, 2, 3, 4, 5, 7]],