{"trace_index": [0, 1, 2, 3, 4, 5, 6, 7, 10, 11, 12, 13, 14, 15], "steppos": [[888, 911, 971, 981, 996], [928, 966, 985], [767, 809, 883, 918, 978], [817, 913, 953, 974, 997], [549, 858, 911, 930, 957], [546, 826, 830, 870, 926, 967, 984, 996], [151, 468, 682, 800, 881, 893, 968, 988], [656, 781, 870, 950, 959, 991], [688, 739, 764, 801, 951, 976, 981], [214, 530, 657, 856, 866, 926, 940, 979], [693, 983, 997], [837, 867, 952, 959, 969], [731, 797, 897, 907, 917, 920, 982, 991, 997], [368, 812, 864, 908, 960]], "steps": [[1, 1, 1, 1, 2], [1, 2, 2], [1, 1, 1, 1, 1], [1, 1, 2, 2, 2], [1, 1, 1, 1, 1], [1, 1, 1, 2, 1, 1, 1, 1], [1, -1, 1, 1, 1, 1, 2, 2], [1, 1, 1, 1, 2, 2], [1, 1, 1, 1, 1, 1, 1], [1, 1, 1, 1, 1, 1, -1, 2], [1, 2, -1], [1, 1, 1, 2, 2], [1, 1, 1, 1, 1, 1, 2, -1, 2], [1, 1, 1, 1, 1]], "step2_time": [0.007389068603515625, 0.002863168716430664, 0.0040471553802490234, 0.006566762924194336, 0.002458810806274414, 0.015475034713745117, 0.011629104614257812, 0.007421970367431641, 0.00550079345703125, 0.017160892486572266, 0.004567146301269531, 0.009141921997070312, 0.02109503746032715, 0.0026159286499023438], "sic_final": [5034.125790007017, 4702.528539160662, 5710.819963664176, 5668.627174465206, 6024.513132898611, 8491.2203513725, 7977.683370507883, 6398.229191498041, 7123.334487568233, 8278.684341432738, 5326.287163328697, 8304.981021375608, 5902.916492693415, 6469.779324876878], "flag": [1, 1, 1, 1, 1, 1, 1, 1, 1, 1, 1, 1, 1, 1], "parameters": [128, 128, 190.0002850004275, 3, 4, 6, 6, 1, 100, 100, 1, true, 500, true, 90, 20, 5, 0.1, 0.5, 0.5, false, 1, 5, 30000, 1000000]}